unit_id,category,chapter,is_stub
1A__ch1,1A,1,0
1A__ch2,1A,2,0
1A__ch3,1A,3,0
1A__ch4,1A,4,0
1A__ch5,1A,5,0
1A__ch6,1A,6,0
1A__ch7,1A,7,0
1A__ch8,1A,8,0
1A__ch9,1A,9,0
1A__ch10,1A,10,0
1A__ch11,1A,11,0
1A__ch12,1A,12,0
1B__ch1,1B,1,0
1B__ch2,1B,2,0
1B__ch3,1B,3,0
1B__ch4,1B,4,0
1B__ch5,1B,5,0
1B__ch6,1B,6,0
1B__ch7,1B,7,0
1B__ch8,1B,8,0
1B__ch9,1B,9,0
1B__ch10,1B,10,0
1B__ch11,1B,11,0
1B__ch12,1B,12,0
1C__ch1,1C,1,0
1C__ch2,1C,2,0
1C__ch3,1C,3,0
1C__ch4,1C,4,0
1C__ch5,1C,5,0
1C__ch6,1C,6,0
1C__ch7,1C,7,0
1C__ch8,1C,8,0
1C__ch9,1C,9,0
1C__ch10,1C,10,0
1C__ch11,1C,11,0
1C__ch12,1C,12,0
2__ch1,2,1,1
2__ch2,2,2,0
2__ch3,2,3,0
2__ch4,2,4,0
2__ch5,2,5,0
2__ch6,2,6,0
2__ch7,2,7,0
2__ch8,2,8,0
2__ch9,2,9,0
2__ch10,2,10,0
2__ch11,2,11,0
2__ch12,2,12,0
3__ch1,3,1,0
3__ch2,3,2,0
3__ch3,3,3,0
3__ch4,3,4,0
3__ch5,3,5,0
3__ch6,3,6,0
3__ch7,3,7,0
3__ch8,3,8,0
3__ch9,3,9,0
3__ch10,3,10,0
3__ch11,3,11,0
3__ch12,3,12,0
4.1__ch1,4.1,1,0
4.1__ch2,4.1,2,0
4.1__ch3,4.1,3,0
4.1__ch4,4.1,4,0
4.1__ch5,4.1,5,0
4.1__ch6,4.1,6,0
4.1__ch7,4.1,7,0
4.1__ch8,4.1,8,0
4.1__ch9,4.1,9,0
4.1__ch10,4.1,10,0
4.1__ch11,4.1,11,0
4.1__ch12,4.1,12,0
4.2__ch1,4.2,1,0
4.2__ch2,4.2,2,0
4.2__ch3,4.2,3,0
4.2__ch4,4.2,4,0
4.2__ch5,4.2,5,0
4.2__ch6,4.2,6,0
4.2__ch7,4.2,7,0
4.2__ch8,4.2,8,0
4.2__ch9,4.2,9,0
4.2__ch10,4.2,10,0
4.2__ch11,4.2,11,0
4.2__ch12,4.2,12,0
4.3__ch1,4.3,1,0
4.3__ch2,4.3,2,0
4.3__ch3,4.3,3,0
4.3__ch4,4.3,4,0
4.3__ch5,4.3,5,0
4.3__ch6,4.3,6,0
4.3__ch7,4.3,7,0
4.3__ch8,4.3,8,0
4.3__ch9,4.3,9,0
4.3__ch10,4.3,10,0
4.3__ch11,4.3,11,0
4.3__ch12,4.3,12,0
4.4__ch1,4.4,1,0
4.4__ch2,4.4,2,0
4.4__ch3,4.4,3,0
4.4__ch4,4.4,4,0
4.4__ch5,4.4,5,0
4.4__ch6,4.4,6,0
4.4__ch7,4.4,7,0
4.4__ch8,4.4,8,0
4.4__ch9,4.4,9,0
4.4__ch10,4.4,10,0
4.4__ch11,4.4,11,0
4.4__ch12,4.4,12,0
4.5__ch1,4.5,1,0
4.5__ch2,4.5,2,0
4.5__ch3,4.5,3,0
4.5__ch4,4.5,4,0
4.5__ch5,4.5,5,0
4.5__ch6,4.5,6,0
4.5__ch7,4.5,7,0
4.5__ch8,4.5,8,0
4.5__ch9,4.5,9,0
4.5__ch10,4.5,10,0
4.5__ch11,4.5,11,0
4.5__ch12,4.5,12,0
4.6__ch1,4.6,1,0
4.6__ch2,4.6,2,0
4.6__ch3,4.6,3,0
4.6__ch4,4.6,4,0
4.6__ch5,4.6,5,0
4.6__ch6,4.6,6,0
4.6__ch7,4.6,7,0
4.6__ch8,4.6,8,0
4.6__ch9,4.6,9,0
4.6__ch10,4.6,10,0
4.6__ch11,4.6,11,0
4.6__ch12,4.6,12,0
4.7__ch1,4.7,1,0
4.7__ch2,4.7,2,0
4.7__ch3,4.7,3,0
4.7__ch4,4.7,4,0
4.7__ch5,4.7,5,0
4.7__ch6,4.7,6,0
4.7__ch7,4.7,7,0
4.7__ch8,4.7,8,0
4.7__ch9,4.7,9,0
4.7__ch10,4.7,10,0
4.7__ch11,4.7,11,0
4.7__ch12,4.7,12,0
4.8__ch1,4.8,1,0
4.8__ch2,4.8,2,0
4.8__ch3,4.8,3,0
4.8__ch4,4.8,4,0
4.8__ch5,4.8,5,0
4.8__ch6,4.8,6,0
4.8__ch7,4.8,7,0
4.8__ch8,4.8,8,0
4.8__ch9,4.8,9,0
4.8__ch10,4.8,10,0
4.8__ch11,4.8,11,0
4.8__ch12,4.8,12,0
4.9__ch1,4.9,1,1
4.9__ch2,4.9,2,1
4.9__ch3,4.9,3,0
4.9__ch4,4.9,4,0
4.9__ch5,4.9,5,0
4.9__ch6,4.9,6,0
4.9__ch7,4.9,7,0
4.9__ch8,4.9,8,0
4.9__ch9,4.9,9,0
4.9__ch10,4.9,10,0
4.9__ch11,4.9,11,0
4.9__ch12,4.9,12,0
4.10__ch1,4.10,1,0
4.10__ch2,4.10,2,0
4.10__ch3,4.10,3,0
4.10__ch4,4.10,4,0
4.10__ch5,4.10,5,0
4.10__ch6,4.10,6,0
4.10__ch7,4.10,7,0
4.10__ch8,4.10,8,0
4.10__ch9,4.10,9,0
4.10__ch10,4.10,10,0
4.10__ch11,4.10,11,0
4.10__ch12,4.10,12,0
4.11__ch1,4.11,1,1
4.11__ch2,4.11,2,0
4.11__ch3,4.11,3,0
4.11__ch4,4.11,4,0
4.11__ch5,4.11,5,0
4.11__ch6,4.11,6,0
4.11__ch7,4.11,7,0
4.11__ch8,4.11,8,0
4.11__ch9,4.11,9,0
4.11__ch10,4.11,10,0
4.11__ch11,4.11,11,0
4.11__ch12,4.11,12,0
4.12__ch1,4.12,1,1
4.12__ch2,4.12,2,1
4.12__ch3,4.12,3,1
4.12__ch4,4.12,4,1
4.12__ch5,4.12,5,1
4.12__ch6,4.12,6,1
4.12__ch7,4.12,7,1
4.12__ch8,4.12,8,1
4.12__ch9,4.12,9,0
4.12__ch10,4.12,10,0
4.12__ch11,4.12,11,0
4.12__ch12,4.12,12,0
5__ch1,5,1,0
5__ch2,5,2,0
5__ch3,5,3,0
5__ch4,5,4,0
5__ch5,5,5,0
5__ch6,5,6,0
5__ch7,5,7,0
5__ch8,5,8,0
5__ch9,5,9,0
5__ch10,5,10,0
5__ch11,5,11,0
5__ch12,5,12,0
6__ch1,6,1,0
6__ch2,6,2,0
6__ch3,6,3,0
6__ch4,6,4,0
6__ch5,6,5,0
6__ch6,6,6,0
6__ch7,6,7,0
6__ch8,6,8,0
6__ch9,6,9,0
6__ch10,6,10,0
6__ch11,6,11,0
6__ch12,6,12,0
